{
    "best_epoch": 45,
    "best_f1": 0.7379181075050496,
    "best_f1_epoch": 32,
    "best_loss": 0.12482697121914946,
    "epochs_trained": 55,
    "exp_setting": {
        "batch_size": 8,
        "bce_weight": 3,
        "experiment-folder": "./experiments/SFX",
        "feature-folder": "stft_spectrograms",
        "feature-hopsize": 441,
        "feature_size": 314,
        "fs_nov": 100,
        "gsmn": true,
        "learning-rate": 0.1,
        "loss-type": "BCE",
        "main-exe-dir": "./experiments/",
        "model_type": "SFX",
        "optimizer": "Lookahead-Adam",
        "patience": 5,
        "pretrained": false,
        "sampling-rate": 44100,
        "segment-duration": 30,
        "target-gsmn": true,
        "train-max-epoch": 300
    },
    "lr_change_epoch": [
        21,
        37,
        42,
        50
    ],
    "model_setting": {
        "N_bands": 8,
        "N_differentiation": 5,
        "N_gaussian": 15,
        "N_local_average": 11,
        "a_lrelu": 0.0,
        "diff_trainable": true,
        "gamma_init": 10,
        "gamma_trainable": true,
        "gaussian_trainable": false,
        "loc_avg_trainable": false,
        "sigma_gaussian": 3,
        "weighted_sum_trainable": true
    },
    "num_bad_epochs": 5,
    "stop_t": 4,
    "train_F1_history": [
        0.47152018646999483,
        0.5303515308929077,
        0.49173860375818657,
        0.5885157777344419,
        0.5231684569362328,
        0.5790818912770932,
        0.5531883142431779,
        0.5586977997386957,
        0.5863298400198069,
        0.5779397847744092,
        0.5296936126595413,
        0.6715133984834937,
        0.5483772873847053,
        0.5511184181074709,
        0.5394302992460049,
        0.5947316280120359,
        0.5436293287062742,
        0.6517149923326543,
        0.5668704947432636,
        0.5852284964858806,
        0.616753976285716,
        0.5539005227958277,
        0.5356307538865578,
        0.545583690015561,
        0.6577224235821276,
        0.6059023700564384,
        0.6026353851674323,
        0.5729805631508079,
        0.5588993851960047,
        0.6492787105037391,
        0.5792831546799174,
        0.5647740113602584,
        0.6159077025151731,
        0.5982991683831531,
        0.5562402021087918,
        0.5437371055152526,
        0.6425495750226584,
        0.5240222842553965,
        0.6088753132327386,
        0.5721315664869785,
        0.6064086426146797,
        0.49663792317292166,
        0.6333472656952206,
        0.6198796361746092,
        0.5851795179935705,
        0.5389062536751041,
        0.49099526489389933,
        0.5661646633384734,
        0.596164533849256,
        0.5686743322204993,
        0.6242462432603535,
        0.6555835189190442,
        0.6054499480085895,
        0.5763486554069276,
        0.4471006885508965
    ],
    "train_P_history": [
        0.321646733293183,
        0.37193685427689427,
        0.3441037706278146,
        0.4325418898266648,
        0.403436765039292,
        0.46852308046400426,
        0.4048418942781255,
        0.4516777696656922,
        0.480838380296264,
        0.4351259768240034,
        0.5291551681139511,
        0.5471120974186661,
        0.41929951615126393,
        0.45472239972515593,
        0.43194795785687934,
        0.48436208701591354,
        0.5026422312357994,
        0.5414894200106967,
        0.43775820184542513,
        0.48930210982062927,
        0.5008668732583245,
        0.4690597417352692,
        0.48309097810151413,
        0.43851948123001266,
        0.5954424358131208,
        0.531126526701748,
        0.5397230456167896,
        0.4899471084282886,
        0.4060078965596803,
        0.545546384529603,
        0.47338524608353205,
        0.49262046426244,
        0.49628199655853966,
        0.49641680393329607,
        0.42264203646123766,
        0.4276574487465481,
        0.4873327842476227,
        0.43338456037370243,
        0.5033791824743922,
        0.43562901556549205,
        0.463391185881675,
        0.4476058574745627,
        0.5000812741696542,
        0.4782909744163517,
        0.4547350318969296,
        0.4505304960813723,
        0.4307116310028331,
        0.4967743937904997,
        0.45812721549270924,
        0.47984981095703394,
        0.5517374091069338,
        0.52538147064475,
        0.45674813911604334,
        0.46444309495954295,
        0.4042555958661074
    ],
    "train_R_history": [
        0.9200127029294133,
        0.9481937044437044,
        0.9201652514152515,
        0.9490724939753519,
        0.7852423140020255,
        0.7998518271264632,
        0.8993119077774651,
        0.7763712569725107,
        0.8325236481864082,
        0.8824873744300588,
        0.698007912647247,
        0.9180594234695667,
        0.833527907812309,
        0.7421360882940237,
        0.7807731548488545,
        0.7909549775621204,
        0.8074616364386936,
        0.8655200990783556,
        0.8588052011221612,
        0.8116527718677037,
        0.869663049176395,
        0.779743650360132,
        0.7367259593071102,
        0.8147833870390262,
        0.8497450148803807,
        0.8204879662370884,
        0.8080426884828456,
        0.7427421322972537,
        0.9043016752155407,
        0.8459668192219679,
        0.839099254668948,
        0.7593701890814353,
        0.8432444318789999,
        0.8290094207485861,
        0.8536559050994844,
        0.7651206068165807,
        0.9496383196823885,
        0.7654718708963992,
        0.8500241006043213,
        0.8452590579027995,
        0.8905777274779842,
        0.697348073658864,
        0.9005781424124361,
        0.8971075932147307,
        0.8352259108771714,
        0.7783727641975682,
        0.736985440585984,
        0.7756706574006982,
        0.871143684330801,
        0.7902983864827616,
        0.8270818542196318,
        0.9330081028843294,
        0.9136387244736939,
        0.865224224295123,
        0.6502998539841469
    ],
    "train_beat_loss_history": [
        0.11387461049352211,
        0.11318636002671195,
        0.11359252972831274,
        0.1129200841828399,
        0.11241695579405785,
        0.11248881976473718,
        0.11248803675981618,
        0.11232200074020712,
        0.11237421580410761,
        0.11209509684126576,
        0.11234227247115529,
        0.11273325534519522,
        0.11228615221931629,
        0.11210270502577219,
        0.11234509362503803,
        0.11216229509236277,
        0.11228395321512465,
        0.11240119004343423,
        0.11220483203341956,
        0.1119551653507435,
        0.111908609468257,
        0.11199777154161791,
        0.1120575968572603,
        0.11199812480541922,
        0.11192285852872559,
        0.1120780366844947,
        0.11213002387455782,
        0.11169473881546285,
        0.11206929885024669,
        0.11183514224981887,
        0.1121550224122568,
        0.11206616298845615,
        0.11197975873303326,
        0.11165004647215758,
        0.11189812682551405,
        0.11203229644720535,
        0.11194577575679535,
        0.11171778160127221,
        0.11194210123231002,
        0.11178381903036584,
        0.11176996052831671,
        0.11177774128895032,
        0.11175581289426333,
        0.11198200887038555,
        0.11196021682209804,
        0.11184261128871832,
        0.11186517315307722,
        0.11194452543364801,
        0.11181234491349086,
        0.1119454274525329,
        0.11184469317316247,
        0.11176698857495418,
        0.11176120720910833,
        0.11185127818250516,
        0.11195690940053167
    ],